Goal,Target,Indicator,SeriesCode,SeriesDescription,GeoAreaCode,GeoAreaName,Units,[Age],[Reporting Type],2000,2001,2002,2003,2004,2005,2006,2007,2008,2009,2010,2011,2012,2013,2014,2015,2016,2017,2018
"""2""","""2.2""","""2.2.2""","""SH_STA_WASTEN""","""Children moderately or severely wasted (millions)""","""4""","""Afghanistan""","""NUM_U5_M""","""<5Y""","""G""",,,,,401.40388,,,,,,,,,497.40737,,,,,
"""2""","""2.2""","""2.2.2""","""SH_STA_WASTEN""","""Children moderately or severely wasted (millions)""","""8""","""Albania""","""NUM_U5_M""","""<5Y""","""G""",34.12136,,,,,16.0429,,,,17.16149,,,,,,,,2.80684,
"""2""","""2.2""","""2.2.2""","""SH_STA_WASTEN""","""Children moderately or severely wasted (millions)""","""12""","""Algeria""","""NUM_U5_M""","""<5Y""","""G""",95.72276,,277.5383,,,118.58636,,,,,,,178.2517,,,,,,
"""2""","""2.2""","""2.2.2""","""SH_STA_WASTEN""","""Children moderately or severely wasted (millions)""","""24""","""Angola""","""NUM_U5_M""","""<5Y""","""G""",,,,,,,,335.52457,,,,,,,,,259.68687,,
"""2""","""2.2""","""2.2.2""","""SH_STA_WASTEN""","""Children moderately or severely wasted (millions)""","""32""","""Argentina""","""NUM_U5_M""","""<5Y""","""G""",,,,,,43.13851,,,,,,,,,,,,,
"""2""","""2.2""","""2.2.2""","""SH_STA_WASTEN""","""Children moderately or severely wasted (millions)""","""51""","""Armenia""","""NUM_U5_M""","""<5Y""","""G""",4.98231,,,,,10.00887,,,,,8.30042,,,,,,9.0035,,
"""2""","""2.2""","""2.2.2""","""SH_STA_WASTEN""","""Children moderately or severely wasted (millions)""","""36""","""Australia""","""NUM_U5_M""","""<5Y""","""G""",,,,,,,,0,,,,,,,,,,,
"""2""","""2.2""","""2.2.2""","""SH_STA_WASTEN""","""Children moderately or severely wasted (millions)""","""31""","""Azerbaijan""","""NUM_U5_M""","""<5Y""","""G""",63.99349,21.57005,,,,,44.65084,,,,,48.50512,,25.71199,,,,,
"""2""","""2.2""","""2.2.2""","""SH_STA_WASTEN""","""Children moderately or severely wasted (millions)""","""50""","""Bangladesh""","""NUM_U5_M""","""<5Y""","""G""",2096.92861,2148.15992,2102.12538,2116.62813,2468.72482,1975.84876,1984.47506,2884.52468,,,,2448.06374,1657.75498,2785.63597,2204.40821,,,,
"""2""","""2.2""","""2.2.2""","""SH_STA_WASTEN""","""Children moderately or severely wasted (millions)""","""52""","""Barbados""","""NUM_U5_M""","""<5Y""","""G""",,,,,,,,,,,,,1.17244,,,,,,
"""2""","""2.2""","""2.2.2""","""SH_STA_WASTEN""","""Children moderately or severely wasted (millions)""","""112""","""Belarus""","""NUM_U5_M""","""<5Y""","""G""",,,,,,9.89276,,,,,,,,,,,,,
"""2""","""2.2""","""2.2.2""","""SH_STA_WASTEN""","""Children moderately or severely wasted (millions)""","""84""","""Belize""","""NUM_U5_M""","""<5Y""","""G""",,,,,,,0.71198,,,,,1.2338,,,,0.69714,,,
"""2""","""2.2""","""2.2.2""","""SH_STA_WASTEN""","""Children moderately or severely wasted (millions)""","""204""","""Benin""","""NUM_U5_M""","""<5Y""","""G""",,113.27349,,,,,120.69945,,,,,,,,90.39122,,,,92.0861
"""2""","""2.2""","""2.2.2""","""SH_STA_WASTEN""","""Children moderately or severely wasted (millions)""","""64""","""Bhutan""","""NUM_U5_M""","""<5Y""","""G""",,,,,,,,,3.44787,,4.30031,,,,,,,,
"""2""","""2.2""","""2.2.2""","""SH_STA_WASTEN""","""Children moderately or severely wasted (millions)""","""68""","""Bolivia (Plurinational State of)""","""NUM_U5_M""","""<5Y""","""G""",,,,20.61657,,,,,16.73982,,,,,,,,23.38792,,
"""2""","""2.2""","""2.2.2""","""SH_STA_WASTEN""","""Children moderately or severely wasted (millions)""","""70""","""Bosnia and Herzegovina""","""NUM_U5_M""","""<5Y""","""G""",17.35292,,,,,,6.67846,,,,,,4.21825,,,,,,
"""2""","""2.2""","""2.2.2""","""SH_STA_WASTEN""","""Children moderately or severely wasted (millions)""","""72""","""Botswana""","""NUM_U5_M""","""<5Y""","""G""",13.05287,,,,,,,15.96254,,,,,,,,,,,
"""2""","""2.2""","""2.2.2""","""SH_STA_WASTEN""","""Children moderately or severely wasted (millions)""","""76""","""Brazil""","""NUM_U5_M""","""<5Y""","""G""",,,,,,,,287.57722,,,,,,,,,,,
"""2""","""2.2""","""2.2.2""","""SH_STA_WASTEN""","""Children moderately or severely wasted (millions)""","""96""","""Brunei Darussalam""","""NUM_U5_M""","""<5Y""","""G""",,,,,,,,,,0.91188,,,,,,,,,
"""2""","""2.2""","""2.2.2""","""SH_STA_WASTEN""","""Children moderately or severely wasted (millions)""","""100""","""Bulgaria""","""NUM_U5_M""","""<5Y""","""G""",,,,,10.30573,,,,,,,,,,,,,,
"""2""","""2.2""","""2.2.2""","""SH_STA_WASTEN""","""Children moderately or severely wasted (millions)""","""854""","""Burkina Faso""","""NUM_U5_M""","""<5Y""","""G""",,,,500.30516,,,624.99635,,,313.43307,441.88946,304.90939,320.90793,246.60069,265.73606,,242.41983,283.86623,
"""2""","""2.2""","""2.2.2""","""SH_STA_WASTEN""","""Children moderately or severely wasted (millions)""","""108""","""Burundi""","""NUM_U5_M""","""<5Y""","""G""",114.25763,,,,,115.13979,,,,,94.34114,,,,,,96.85132,,
"""2""","""2.2""","""2.2.2""","""SH_STA_WASTEN""","""Children moderately or severely wasted (millions)""","""116""","""Cambodia""","""NUM_U5_M""","""<5Y""","""G""",269.08918,,,,,130.15623,,,147.23746,,184.40495,,,,173.09039,,,,
"""2""","""2.2""","""2.2.2""","""SH_STA_WASTEN""","""Children moderately or severely wasted (millions)""","""120""","""Cameroon""","""NUM_U5_M""","""<5Y""","""G""",,,,,180.52445,,251.39491,,,,,198.76876,,,192.03952,,,,
"""2""","""2.2""","""2.2.2""","""SH_STA_WASTEN""","""Children moderately or severely wasted (millions)""","""140""","""Central African Republic""","""NUM_U5_M""","""<5Y""","""G""",63.72651,,,,,,86.55112,,,,59.21251,,54.84767,,,,,,
"""2""","""2.2""","""2.2.2""","""SH_STA_WASTEN""","""Children moderately or severely wasted (millions)""","""62""","""Central and Southern Asia""","""NUM_U5_M""","""<5Y""","""G""",,,,,,,,,,,,,,,,,,,26102.35134
"""2""","""2.2""","""2.2.2""","""SH_STA_WASTEN""","""Children moderately or severely wasted (millions)""","""143""","""Central Asia""","""NUM_U5_M""","""<5Y""","""G""",,,,,,,,,,,,,,,,,,,277.07223
"""2""","""2.2""","""2.2.2""","""SH_STA_WASTEN""","""Children moderately or severely wasted (millions)""","""148""","""Chad""","""NUM_U5_M""","""<5Y""","""G""",233.86234,,,,314.89304,,,,,,444.61915,,,,,345.97907,,,
"""2""","""2.2""","""2.2.2""","""SH_STA_WASTEN""","""Children moderately or severely wasted (millions)""","""152""","""Chile""","""NUM_U5_M""","""<5Y""","""G""",,6.52691,6.45399,6.37893,6.31393,,6.24097,3.73875,3.73886,,,,,3.66222,3.62078,,,,
"""2""","""2.2""","""2.2.2""","""SH_STA_WASTEN""","""Children moderately or severely wasted (millions)""","""156""","""China""","""NUM_U5_M""","""<5Y""","""G""",2043.9386,,2464.84476,,,2298.81034,,,2123.11889,2131.25487,1899.3728,,,1614.6505,,,,,
"""2""","""2.2""","""2.2.2""","""SH_STA_WASTEN""","""Children moderately or severely wasted (millions)""","""170""","""Colombia""","""NUM_U5_M""","""<5Y""","""G""",43.16558,,,,,65.16663,,,,,35.32205,,,,,,,,
"""2""","""2.2""","""2.2.2""","""SH_STA_WASTEN""","""Children moderately or severely wasted (millions)""","""174""","""Comoros""","""NUM_U5_M""","""<5Y""","""G""",11.77846,,,,,,,,,,,,12.55386,,,,,,
"""2""","""2.2""","""2.2.2""","""SH_STA_WASTEN""","""Children moderately or severely wasted (millions)""","""178""","""Congo""","""NUM_U5_M""","""<5Y""","""G""",,,,,,49.37986,,,,,,45.44379,,,,66.49379,,,
"""2""","""2.2""","""2.2.2""","""SH_STA_WASTEN""","""Children moderately or severely wasted (millions)""","""188""","""Costa Rica""","""NUM_U5_M""","""<5Y""","""G""",,,,,,,,,3.56955,,,,,,,,,,
"""2""","""2.2""","""2.2.2""","""SH_STA_WASTEN""","""Children moderately or severely wasted (millions)""","""384""","""C“te d'Ivoire""","""NUM_U5_M""","""<5Y""","""G""",,,,,,,284.48742,446.34968,,,,,267.12181,,,,233.60363,,
"""2""","""2.2""","""2.2.2""","""SH_STA_WASTEN""","""Children moderately or severely wasted (millions)""","""192""","""Cuba""","""NUM_U5_M""","""<5Y""","""G""",18.08455,,,,,,,,,,,,,,,,,,
"""2""","""2.2""","""2.2.2""","""SH_STA_WASTEN""","""Children moderately or severely wasted (millions)""","""203""","""Czechia""","""NUM_U5_M""","""<5Y""","""G""",,19.2108,,,,,,,,,,,,,,,,,
"""2""","""2.2""","""2.2.2""","""SH_STA_WASTEN""","""Children moderately or severely wasted (millions)""","""408""","""Democratic People's Republic of Korea""","""NUM_U5_M""","""<5Y""","""G""",242.49354,,168.04581,,163.58276,,,,,92.22257,,,67.8656,,,,,43.33428,
"""2""","""2.2""","""2.2.2""","""SH_STA_WASTEN""","""Children moderately or severely wasted (millions)""","""180""","""Democratic Republic of the Congo""","""NUM_U5_M""","""<5Y""","""G""",,1865.76411,,,,,,1138.07908,,,1291.93015,,,1085.481,,,,,
"""2""","""2.2""","""2.2.2""","""SH_STA_WASTEN""","""Children moderately or severely wasted (millions)""","""262""","""Djibouti""","""NUM_U5_M""","""<5Y""","""G""",,,20.42247,,,,,,,,,,21.39686,,,,,,
"""2""","""2.2""","""2.2.2""","""SH_STA_WASTEN""","""Children moderately or severely wasted (millions)""","""214""","""Dominican Republic""","""NUM_U5_M""","""<5Y""","""G""",15.22547,,22.89284,,,,20.24733,24.56801,,,,,,25.28666,,,,,
"""2""","""2.2""","""2.2.2""","""SH_STA_WASTEN""","""Children moderately or severely wasted (millions)""","""753""","""Eastern and South-Eastern Asia""","""NUM_U5_M""","""<5Y""","""G""",,,,,,,,,,,,,,,,,,,6561.60357
"""2""","""2.2""","""2.2.2""","""SH_STA_WASTEN""","""Children moderately or severely wasted (millions)""","""30""","""Eastern Asia""","""NUM_U5_M""","""<5Y""","""G""",,,,,,,,,,,,,,,,,,,1568.01136
"""2""","""2.2""","""2.2.2""","""SH_STA_WASTEN""","""Children moderately or severely wasted (millions)""","""218""","""Ecuador""","""NUM_U5_M""","""<5Y""","""G""",,,,,30.7628,,32.29633,,,,,,37.96362,,26.16332,,,,
"""2""","""2.2""","""2.2.2""","""SH_STA_WASTEN""","""Children moderately or severely wasted (millions)""","""818""","""Egypt""","""NUM_U5_M""","""<5Y""","""G""",,,,455.41961,,479.41561,,,748.81921,,,,,,1137.3757,,,,
"""2""","""2.2""","""2.2.2""","""SH_STA_WASTEN""","""Children moderately or severely wasted (millions)""","""222""","""El Salvador""","""NUM_U5_M""","""<5Y""","""G""",,,,9.00819,,,,,9.69935,,,,,,12.50878,,,,
"""2""","""2.2""","""2.2.2""","""SH_STA_WASTEN""","""Children moderately or severely wasted (millions)""","""226""","""Equatorial Guinea""","""NUM_U5_M""","""<5Y""","""G""",9.42641,,,,3.33057,,,,,,,4.83271,,,,,,,
"""2""","""2.2""","""2.2.2""","""SH_STA_WASTEN""","""Children moderately or severely wasted (millions)""","""232""","""Eritrea""","""NUM_U5_M""","""<5Y""","""G""",,,83.00241,,,,,,,,109.18869,,,,,,,,
"""2""","""2.2""","""2.2.2""","""SH_STA_WASTEN""","""Children moderately or severely wasted (millions)""","""748""","""Eswatini""","""NUM_U5_M""","""<5Y""","""G""",2.65195,,,,,,4.61542,,1.80345,,1.83276,,,,3.53381,,,,
"""2""","""2.2""","""2.2.2""","""SH_STA_WASTEN""","""Children moderately or severely wasted (millions)""","""231""","""Ethiopia""","""NUM_U5_M""","""<5Y""","""G""",1534.45051,,,,,1671.2636,,,,,,1374.17092,,,1277.91455,,1516.46277,,
"""2""","""2.2""","""2.2.2""","""SH_STA_WASTEN""","""Children moderately or severely wasted (millions)""","""242""","""Fiji""","""NUM_U5_M""","""<5Y""","""G""",,,,,5.66698,,,,,,,,,,,,,,
"""2""","""2.2""","""2.2.2""","""SH_STA_WASTEN""","""Children moderately or severely wasted (millions)""","""266""","""Gabon""","""NUM_U5_M""","""<5Y""","""G""",7.81391,,,,,,,,,,,,8.51735,,,,,,
"""2""","""2.2""","""2.2.2""","""SH_STA_WASTEN""","""Children moderately or severely wasted (millions)""","""270""","""Gambia""","""NUM_U5_M""","""<5Y""","""G""",21.19179,,,,,,20.62442,,,,30.10143,,31.28865,37.04531,,,,,
"""2""","""2.2""","""2.2.2""","""SH_STA_WASTEN""","""Children moderately or severely wasted (millions)""","""268""","""Georgia""","""NUM_U5_M""","""<5Y""","""G""",,,,,,7.46561,,,,4.38003,,,,,,,,,
"""2""","""2.2""","""2.2.2""","""SH_STA_WASTEN""","""Children moderately or severely wasted (millions)""","""276""","""Germany""","""NUM_U5_M""","""<5Y""","""G""",,,,,,35.99277,,,,,,,,,,,,,
"""2""","""2.2""","""2.2.2""","""SH_STA_WASTEN""","""Children moderately or severely wasted (millions)""","""288""","""Ghana""","""NUM_U5_M""","""<5Y""","""G""",,,,263.04054,,,196.94889,,301.23644,,,258.38584,,,186.15258,,,,
"""2""","""2.2""","""2.2.2""","""SH_STA_WASTEN""","""Children moderately or severely wasted (millions)""","""320""","""Guatemala""","""NUM_U5_M""","""<5Y""","""G""",70.26643,,37.3133,,,,,,,21.5189,,,,,,14.99642,,,
"""2""","""2.2""","""2.2.2""","""SH_STA_WASTEN""","""Children moderately or severely wasted (millions)""","""324""","""Guinea""","""NUM_U5_M""","""<5Y""","""G""",,,,,,182.22237,,142.82532,,,,94.06124,186.09527,,,,160.43975,,
"""2""","""2.2""","""2.2.2""","""SH_STA_WASTEN""","""Children moderately or severely wasted (millions)""","""624""","""Guinea-Bissau""","""NUM_U5_M""","""<5Y""","""G""",25.14677,,,,,,20.53008,,,,14.84533,,,,16.72283,,,,
"""2""","""2.2""","""2.2.2""","""SH_STA_WASTEN""","""Children moderately or severely wasted (millions)""","""328""","""Guyana""","""NUM_U5_M""","""<5Y""","""G""",11.61259,,,,,,6.76014,,,4.22743,,,,,4.80672,,,,
"""2""","""2.2""","""2.2.2""","""SH_STA_WASTEN""","""Children moderately or severely wasted (millions)""","""332""","""Haiti""","""NUM_U5_M""","""<5Y""","""G""",67.41439,,,,,,125.4988,,,,,,64.42599,,,,,45.85777,
"""2""","""2.2""","""2.2.2""","""SH_STA_WASTEN""","""Children moderately or severely wasted (millions)""","""340""","""Honduras""","""NUM_U5_M""","""<5Y""","""G""",,12.73324,,,,,14.01022,,,,,,13.3684,,,,,,
"""2""","""2.2""","""2.2.2""","""SH_STA_WASTEN""","""Children moderately or severely wasted (millions)""","""356""","""India""","""NUM_U5_M""","""<5Y""","""G""",,,,,,,26011.77096,,,,,,,,18510.80521,25240.12436,,,
"""2""","""2.2""","""2.2.2""","""SH_STA_WASTEN""","""Children moderately or severely wasted (millions)""","""360""","""Indonesia""","""NUM_U5_M""","""<5Y""","""G""",1171.89683,1161.54605,,,3223.77667,,,3422.11609,,,2926.54859,,,3273.67008,,,,,
"""2""","""2.2""","""2.2.2""","""SH_STA_WASTEN""","""Children moderately or severely wasted (millions)""","""364""","""Iran (Islamic Republic of)""","""NUM_U5_M""","""<5Y""","""G""",,,,,267.76987,,,,,,,265.21588,,,,,,,
"""2""","""2.2""","""2.2.2""","""SH_STA_WASTEN""","""Children moderately or severely wasted (millions)""","""368""","""Iraq""","""NUM_U5_M""","""<5Y""","""G""",253.47433,,,229.3228,287.11521,,249.86134,,,,,325.9874,,,,,,,
"""2""","""2.2""","""2.2.2""","""SH_STA_WASTEN""","""Children moderately or severely wasted (millions)""","""388""","""Jamaica""","""NUM_U5_M""","""<5Y""","""G""",8.75351,9.16039,6.59512,,11.97074,,9.15048,6.46623,5.99466,,11.4522,,6.58684,,7.52175,,,,
"""2""","""2.2""","""2.2.2""","""SH_STA_WASTEN""","""Children moderately or severely wasted (millions)""","""392""","""Japan""","""NUM_U5_M""","""<5Y""","""G""",,,,,,,,,,,127.75569,,,,,,,,
"""2""","""2.2""","""2.2.2""","""SH_STA_WASTEN""","""Children moderately or severely wasted (millions)""","""400""","""Jordan""","""NUM_U5_M""","""<5Y""","""G""",,,18.76301,,,,,,,14.39962,,,26.25742,,,,,,
"""2""","""2.2""","""2.2.2""","""SH_STA_WASTEN""","""Children moderately or severely wasted (millions)""","""398""","""Kazakhstan""","""NUM_U5_M""","""<5Y""","""G""",,,,,,,64.15859,,,,65.20984,,,,,61.71914,,,
"""2""","""2.2""","""2.2.2""","""SH_STA_WASTEN""","""Children moderately or severely wasted (millions)""","""404""","""Kenya""","""NUM_U5_M""","""<5Y""","""G""",400.77233,,,366.39902,,422.39265,,,,458.88283,,,,,290.3431,,,,
"""2""","""2.2""","""2.2.2""","""SH_STA_WASTEN""","""Children moderately or severely wasted (millions)""","""414""","""Kuwait""","""NUM_U5_M""","""<5Y""","""G""",,5.08693,5.00465,5.68464,7.20647,7.05052,5.92474,7.93256,5.22135,4.62224,6.57211,4.95329,7.26295,8.31465,7.43789,9.6343,,,
"""2""","""2.2""","""2.2.2""","""SH_STA_WASTEN""","""Children moderately or severely wasted (millions)""","""417""","""Kyrgyzstan""","""NUM_U5_M""","""<5Y""","""G""",,,,,,,16.65477,,,7.45112,,,19.36376,,20.82662,,,,
"""2""","""2.2""","""2.2.2""","""SH_STA_WASTEN""","""Children moderately or severely wasted (millions)""","""432""","""Landlocked developing countries (LLDCs)""","""NUM_U5_M""","""<5Y""","""G""",,,,,,,,,,,,,,,,,,,5029.28024
"""2""","""2.2""","""2.2.2""","""SH_STA_WASTEN""","""Children moderately or severely wasted (millions)""","""418""","""Lao People's Democratic Republic""","""NUM_U5_M""","""<5Y""","""G""",139.41708,,,,,,55.81771,,,,,50.34612,,,,,,,
"""2""","""2.2""","""2.2.2""","""SH_STA_WASTEN""","""Children moderately or severely wasted (millions)""","""419""","""Latin America and the Caribbean""","""NUM_U5_M""","""<5Y""","""G""",,,,,,,,,,,,,,,,,,,674.35223
"""2""","""2.2""","""2.2.2""","""SH_STA_WASTEN""","""Children moderately or severely wasted (millions)""","""199""","""Least Developed Countries (LDCs)""","""NUM_U5_M""","""<5Y""","""G""",,,,,,,,,,,,,,,,,,,12461.10127
"""2""","""2.2""","""2.2.2""","""SH_STA_WASTEN""","""Children moderately or severely wasted (millions)""","""422""","""Lebanon""","""NUM_U5_M""","""<5Y""","""G""",,,,,21.70245,,,,,,,,,,,,,,
"""2""","""2.2""","""2.2.2""","""SH_STA_WASTEN""","""Children moderately or severely wasted (millions)""","""426""","""Lesotho""","""NUM_U5_M""","""<5Y""","""G""",18.57078,,,,14.49389,,,,,9.72475,,,,,7.85347,,,,
"""2""","""2.2""","""2.2.2""","""SH_STA_WASTEN""","""Children moderately or severely wasted (millions)""","""430""","""Liberia""","""NUM_U5_M""","""<5Y""","""G""",36.64103,,,,,,,47.20523,,,18.30167,,,38.63971,,,,,
"""2""","""2.2""","""2.2.2""","""SH_STA_WASTEN""","""Children moderately or severely wasted (millions)""","""434""","""Libya""","""NUM_U5_M""","""<5Y""","""G""",,,,,,,,38.52147,,,,,,,,,,,
"""2""","""2.2""","""2.2.2""","""SH_STA_WASTEN""","""Children moderately or severely wasted (millions)""","""450""","""Madagascar""","""NUM_U5_M""","""<5Y""","""G""",,,,,468.95084,,,,,,,,,281.5994,,,,,
"""2""","""2.2""","""2.2.2""","""SH_STA_WASTEN""","""Children moderately or severely wasted (millions)""","""454""","""Malawi""","""NUM_U5_M""","""<5Y""","""G""",141.48305,,,,143.98151,,100.611,,,47.81228,110.44127,,,,108.63648,80.13475,,,
"""2""","""2.2""","""2.2.2""","""SH_STA_WASTEN""","""Children moderately or severely wasted (millions)""","""458""","""Malaysia""","""NUM_U5_M""","""<5Y""","""G""",,,,,,,,,,,,,,,,205.5476,300.40841,,
"""2""","""2.2""","""2.2.2""","""SH_STA_WASTEN""","""Children moderately or severely wasted (millions)""","""462""","""Maldives""","""NUM_U5_M""","""<5Y""","""G""",,4.22395,,,,,,,,3.44087,,,,,,,,,
"""2""","""2.2""","""2.2.2""","""SH_STA_WASTEN""","""Children moderately or severely wasted (millions)""","""466""","""Mali""","""NUM_U5_M""","""<5Y""","""G""",,269.72541,,,,,397.62357,,,,265.29522,,,,,441.72761,,,
"""2""","""2.2""","""2.2.2""","""SH_STA_WASTEN""","""Children moderately or severely wasted (millions)""","""584""","""Marshall Islands""","""NUM_U5_M""","""<5Y""","""G""",,,,,,,,,,,,,,,,,,0.03546,
"""2""","""2.2""","""2.2.2""","""SH_STA_WASTEN""","""Children moderately or severely wasted (millions)""","""478""","""Mauritania""","""NUM_U5_M""","""<5Y""","""G""",68.30119,,,,,,,71.70829,43.66815,,,105.24164,69.17915,,,94.93338,,,
"""2""","""2.2""","""2.2.2""","""SH_STA_WASTEN""","""Children moderately or severely wasted (millions)""","""484""","""Mexico""","""NUM_U5_M""","""<5Y""","""G""",,,,,,,234.5922,,,,,,182.83553,,,119.323,230.20113,,
"""2""","""2.2""","""2.2.2""","""SH_STA_WASTEN""","""Children moderately or severely wasted (millions)""","""496""","""Mongolia""","""NUM_U5_M""","""<5Y""","""G""",16.6211,,,,1.31506,6.01551,,,,,5.21415,,,3.33317,,,4.66953,,
"""2""","""2.2""","""2.2.2""","""SH_STA_WASTEN""","""Children moderately or severely wasted (millions)""","""499""","""Montenegro""","""NUM_U5_M""","""<5Y""","""G""",,,,,,1.70574,,,,,,,,1.07975,,,,,
"""2""","""2.2""","""2.2.2""","""SH_STA_WASTEN""","""Children moderately or severely wasted (millions)""","""504""","""Morocco""","""NUM_U5_M""","""<5Y""","""G""",,,,327.18045,,,,,,,,73.8969,,,,,,,
"""2""","""2.2""","""2.2.2""","""SH_STA_WASTEN""","""Children moderately or severely wasted (millions)""","""508""","""Mozambique""","""NUM_U5_M""","""<5Y""","""G""",,274.96219,,195.73291,,,,,173.57388,,,273.06393,,,,,,,
"""2""","""2.2""","""2.2.2""","""SH_STA_WASTEN""","""Children moderately or severely wasted (millions)""","""104""","""Myanmar""","""NUM_U5_M""","""<5Y""","""G""",540.66302,,,566.94817,,,,,,396.68468,,,,,,,300.64101,,
"""2""","""2.2""","""2.2.2""","""SH_STA_WASTEN""","""Children moderately or severely wasted (millions)""","""516""","""Namibia""","""NUM_U5_M""","""<5Y""","""G""",27.7788,,,,,,,21.28535,,,,,,22.70099,,,,,
"""2""","""2.2""","""2.2.2""","""SH_STA_WASTEN""","""Children moderately or severely wasted (millions)""","""520""","""Nauru""","""NUM_U5_M""","""<5Y""","""G""",,,,,,,,0.01,,,,,,,,,,,
"""2""","""2.2""","""2.2.2""","""SH_STA_WASTEN""","""Children moderately or severely wasted (millions)""","""524""","""Nepal""","""NUM_U5_M""","""<5Y""","""G""",,405.95412,,,,,429.56287,,,,,346.12047,,,321.82231,,265.59652,,
"""2""","""2.2""","""2.2.2""","""SH_STA_WASTEN""","""Children moderately or severely wasted (millions)""","""558""","""Nicaragua""","""NUM_U5_M""","""<5Y""","""G""",,15.30956,,,1.92392,,9.27521,,,,,,13.48101,,,,,,
"""2""","""2.2""","""2.2.2""","""SH_STA_WASTEN""","""Children moderately or severely wasted (millions)""","""562""","""Niger""","""NUM_U5_M""","""<5Y""","""G""",380.00263,,,,,,369.7779,,,,,,668.7984,,,,426.56756,,
"""2""","""2.2""","""2.2.2""","""SH_STA_WASTEN""","""Children moderately or severely wasted (millions)""","""566""","""Nigeria""","""NUM_U5_M""","""<5Y""","""G""",,,,2584.3143,,,,3443.31292,3818.5893,,,3288.28647,,5379.3924,2406.42414,2239.85959,3430.29967,,
"""2""","""2.2""","""2.2.2""","""SH_STA_WASTEN""","""Children moderately or severely wasted (millions)""","""807""","""North Macedonia""","""NUM_U5_M""","""<5Y""","""G""",,,,,,4.19028,,,,,,2.02133,,,,,,,
"""2""","""2.2""","""2.2.2""","""SH_STA_WASTEN""","""Children moderately or severely wasted (millions)""","""15""","""Northern Africa""","""NUM_U5_M""","""<5Y""","""G""",,,,,,,,,,,,,,,,,,,2410.70121
"""2""","""2.2""","""2.2.2""","""SH_STA_WASTEN""","""Children moderately or severely wasted (millions)""","""747""","""Northern Africa and Western Asia""","""NUM_U5_M""","""<5Y""","""G""",,,,,,,,,,,,,,,,,,,3506.98807
"""2""","""2.2""","""2.2.2""","""SH_STA_WASTEN""","""Children moderately or severely wasted (millions)""","""543""","""Oceania (exc. Australia and New Zealand)""","""NUM_U5_M""","""<5Y""","""G""",,,,,,,,,,,,,,,,,,,130.65323
"""2""","""2.2""","""2.2.2""","""SH_STA_WASTEN""","""Children moderately or severely wasted (millions)""","""512""","""Oman""","""NUM_U5_M""","""<5Y""","""G""",,,,,,,,,,19.52898,,,,,27.74648,,,,
"""2""","""2.2""","""2.2.2""","""SH_STA_WASTEN""","""Children moderately or severely wasted (millions)""","""586""","""Pakistan""","""NUM_U5_M""","""<5Y""","""G""",,2877.68396,,,,,,,,,,3444.29418,,2528.25022,,,,,1790.90478
"""2""","""2.2""","""2.2.2""","""SH_STA_WASTEN""","""Children moderately or severely wasted (millions)""","""591""","""Panama""","""NUM_U5_M""","""<5Y""","""G""",,,,5.74184,,,,,4.49316,,,,,,,,,,
"""2""","""2.2""","""2.2.2""","""SH_STA_WASTEN""","""Children moderately or severely wasted (millions)""","""598""","""Papua New Guinea""","""NUM_U5_M""","""<5Y""","""G""",,,,,,40.51463,,,,,138.19522,,,,,,,,
"""2""","""2.2""","""2.2.2""","""SH_STA_WASTEN""","""Children moderately or severely wasted (millions)""","""600""","""Paraguay""","""NUM_U5_M""","""<5Y""","""G""",,,,,,7.35941,,,,,,,17.80685,,,,6.46185,,
"""2""","""2.2""","""2.2.2""","""SH_STA_WASTEN""","""Children moderately or severely wasted (millions)""","""604""","""Peru""","""NUM_U5_M""","""<5Y""","""G""",34.41942,,,,,31.07016,,,23.21732,17.67736,20.77393,11.18695,19.24155,12.87798,18.1201,18.60076,18.37113,15.67954,
"""2""","""2.2""","""2.2.2""","""SH_STA_WASTEN""","""Children moderately or severely wasted (millions)""","""608""","""Philippines""","""NUM_U5_M""","""<5Y""","""G""",,,,675.0366,,,,,769.75814,,,808.5534,,888.01435,,811.84552,,,
"""2""","""2.2""","""2.2.2""","""SH_STA_WASTEN""","""Children moderately or severely wasted (millions)""","""410""","""Republic of Korea""","""NUM_U5_M""","""<5Y""","""G""",,,,24.16979,,,,,,,27.46528,,,,,,,,
"""2""","""2.2""","""2.2.2""","""SH_STA_WASTEN""","""Children moderately or severely wasted (millions)""","""498""","""Republic of Moldova""","""NUM_U5_M""","""<5Y""","""G""",,,,,,12.10955,,,,,,,4.31678,,,,,,
"""2""","""2.2""","""2.2.2""","""SH_STA_WASTEN""","""Children moderately or severely wasted (millions)""","""642""","""Romania""","""NUM_U5_M""","""<5Y""","""G""",48.16374,45.54599,40.78095,,,,,,,,,,,,,,,,
"""2""","""2.2""","""2.2.2""","""SH_STA_WASTEN""","""Children moderately or severely wasted (millions)""","""646""","""Rwanda""","""NUM_U5_M""","""<5Y""","""G""",114.07953,,,,,70.98363,,,,,47.74873,,,,,34.06913,,,
"""2""","""2.2""","""2.2.2""","""SH_STA_WASTEN""","""Children moderately or severely wasted (millions)""","""662""","""Saint Lucia""","""NUM_U5_M""","""<5Y""","""G""",,,,,,,,,,,,,0.40273,,,,,,
"""2""","""2.2""","""2.2.2""","""SH_STA_WASTEN""","""Children moderately or severely wasted (millions)""","""882""","""Samoa""","""NUM_U5_M""","""<5Y""","""G""",,,,,,,,,,,,,,,0.95706,,,,
"""2""","""2.2""","""2.2.2""","""SH_STA_WASTEN""","""Children moderately or severely wasted (millions)""","""678""","""Sao Tome and Principe""","""NUM_U5_M""","""<5Y""","""G""",0.91005,,,,,,2.64758,,3.30538,,,,,,1.22277,,,,
"""2""","""2.2""","""2.2.2""","""SH_STA_WASTEN""","""Children moderately or severely wasted (millions)""","""682""","""Saudi Arabia""","""NUM_U5_M""","""<5Y""","""G""",,,,,,323.95331,,,,,,,,,,,,,
"""2""","""2.2""","""2.2.2""","""SH_STA_WASTEN""","""Children moderately or severely wasted (millions)""","""686""","""Senegal""","""NUM_U5_M""","""<5Y""","""G""",167.57092,,,,,162.04301,,,,,,220.46228,201.56665,215.38096,143.43468,194.2862,181.77258,232.79156,
"""2""","""2.2""","""2.2.2""","""SH_STA_WASTEN""","""Children moderately or severely wasted (millions)""","""688""","""Serbia""","""NUM_U5_M""","""<5Y""","""G""",,,,,,23.99831,,,,,17.12887,,,,18.30466,,,,
"""2""","""2.2""","""2.2.2""","""SH_STA_WASTEN""","""Children moderately or severely wasted (millions)""","""690""","""Seychelles""","""NUM_U5_M""","""<5Y""","""G""",,,,,,,,,,,,,0.33097,,,,,,
"""2""","""2.2""","""2.2.2""","""SH_STA_WASTEN""","""Children moderately or severely wasted (millions)""","""694""","""Sierra Leone""","""NUM_U5_M""","""<5Y""","""G""",94.12824,,,,,100.85955,,,111.81908,,109.07921,,,106.23642,,,,,
"""2""","""2.2""","""2.2.2""","""SH_STA_WASTEN""","""Children moderately or severely wasted (millions)""","""702""","""Singapore""","""NUM_U5_M""","""<5Y""","""G""",9.19955,,,,,,,,,,,,,,,,,,
"""2""","""2.2""","""2.2.2""","""SH_STA_WASTEN""","""Children moderately or severely wasted (millions)""","""90""","""Solomon Islands""","""NUM_U5_M""","""<5Y""","""G""",,,,,,,,3.26576,,,,,,,,6.9993,,,
"""2""","""2.2""","""2.2.2""","""SH_STA_WASTEN""","""Children moderately or severely wasted (millions)""","""706""","""Somalia""","""NUM_U5_M""","""<5Y""","""G""",348.32293,,,,,,270.84654,,,332.20084,,,,,,,,,
"""2""","""2.2""","""2.2.2""","""SH_STA_WASTEN""","""Children moderately or severely wasted (millions)""","""710""","""South Africa""","""NUM_U5_M""","""<5Y""","""G""",,,,,407.68772,,,,255.44334,,,,310.33275,,,,139.80271,,
"""2""","""2.2""","""2.2.2""","""SH_STA_WASTEN""","""Children moderately or severely wasted (millions)""","""728""","""South Sudan""","""NUM_U5_M""","""<5Y""","""G""",,,,,,,351.15122,,,,403.36082,,,,,,,,
"""2""","""2.2""","""2.2.2""","""SH_STA_WASTEN""","""Children moderately or severely wasted (millions)""","""35""","""South-Eastern Asia""","""NUM_U5_M""","""<5Y""","""G""",,,,,,,,,,,,,,,,,,,4993.59221
"""2""","""2.2""","""2.2.2""","""SH_STA_WASTEN""","""Children moderately or severely wasted (millions)""","""34""","""Southern Asia""","""NUM_U5_M""","""<5Y""","""G""",,,,,,,,,,,,,,,,,,,25825.27913
"""2""","""2.2""","""2.2.2""","""SH_STA_WASTEN""","""Children moderately or severely wasted (millions)""","""144""","""Sri Lanka""","""NUM_U5_M""","""<5Y""","""G""",254.44909,,,,,,,264.18032,,212.08093,,,373.15009,,,,241.83345,,
"""2""","""2.2""","""2.2.2""","""SH_STA_WASTEN""","""Children moderately or severely wasted (millions)""","""275""","""State of Palestine""","""NUM_U5_M""","""<5Y""","""G""",,,54.35719,,,,,10.39977,,,20.88643,,,,8.1834,,,,
"""2""","""2.2""","""2.2.2""","""SH_STA_WASTEN""","""Children moderately or severely wasted (millions)""","""202""","""Sub-Saharan Africa""","""NUM_U5_M""","""<5Y""","""G""",,,,,,,,,,,,,,,,,,,11573.70918
"""2""","""2.2""","""2.2.2""","""SH_STA_WASTEN""","""Children moderately or severely wasted (millions)""","""729""","""Sudan""","""NUM_U5_M""","""<5Y""","""G""",,,,,,,761.8142,,,,901.99305,,,,970.13724,,,,
"""2""","""2.2""","""2.2.2""","""SH_STA_WASTEN""","""Children moderately or severely wasted (millions)""","""740""","""Suriname""","""NUM_U5_M""","""<5Y""","""G""",3.71514,,,,,,2.50735,,,,2.89083,,,,,,,,
"""2""","""2.2""","""2.2.2""","""SH_STA_WASTEN""","""Children moderately or severely wasted (millions)""","""760""","""Syrian Arab Republic""","""NUM_U5_M""","""<5Y""","""G""",119.16927,257.31027,,,,,260.12486,,,311.82217,,,,,,,,,
"""2""","""2.2""","""2.2.2""","""SH_STA_WASTEN""","""Children moderately or severely wasted (millions)""","""762""","""Tajikistan""","""NUM_U5_M""","""<5Y""","""G""",83.88541,172.77407,53.63822,50.97753,,74.62133,,66.67919,,41.52308,,,108.78169,,,,,66.4819,
"""2""","""2.2""","""2.2.2""","""SH_STA_WASTEN""","""Children moderately or severely wasted (millions)""","""764""","""Thailand""","""NUM_U5_M""","""<5Y""","""G""",,,,,,,198.19208,,,,,,269.78209,,,,203.01737,,
"""2""","""2.2""","""2.2.2""","""SH_STA_WASTEN""","""Children moderately or severely wasted (millions)""","""626""","""Timor-Leste""","""NUM_U5_M""","""<5Y""","""G""",,,24.94921,25.8361,,,,42.43057,,34.46929,,,,21.14583,,,,,
"""2""","""2.2""","""2.2.2""","""SH_STA_WASTEN""","""Children moderately or severely wasted (millions)""","""768""","""Togo""","""NUM_U5_M""","""<5Y""","""G""",,,,,,,162.47471,,62.02146,,54.97562,,,,76.19398,,,,
"""2""","""2.2""","""2.2.2""","""SH_STA_WASTEN""","""Children moderately or severely wasted (millions)""","""776""","""Tonga""","""NUM_U5_M""","""<5Y""","""G""",,,,,,,,,,,,,0.70294,,,,,,
"""2""","""2.2""","""2.2.2""","""SH_STA_WASTEN""","""Children moderately or severely wasted (millions)""","""780""","""Trinidad and Tobago""","""NUM_U5_M""","""<5Y""","""G""",4.67359,,,,,,,,,,,6.24247,,,,,,,
"""2""","""2.2""","""2.2.2""","""SH_STA_WASTEN""","""Children moderately or severely wasted (millions)""","""788""","""Tunisia""","""NUM_U5_M""","""<5Y""","""G""",24.36757,,,,,,27.30856,,,,,,30.39468,,,,,,
"""2""","""2.2""","""2.2.2""","""SH_STA_WASTEN""","""Children moderately or severely wasted (millions)""","""792""","""Turkey""","""NUM_U5_M""","""<5Y""","""G""",,,,,69.14576,,,,63.04157,,,,,122.90279,,,,,
"""2""","""2.2""","""2.2.2""","""SH_STA_WASTEN""","""Children moderately or severely wasted (millions)""","""795""","""Turkmenistan""","""NUM_U5_M""","""<5Y""","""G""",34.76501,,,,,,37.68004,,,,,,,,,28.26974,,,
"""2""","""2.2""","""2.2.2""","""SH_STA_WASTEN""","""Children moderately or severely wasted (millions)""","""798""","""Tuvalu""","""NUM_U5_M""","""<5Y""","""G""",,,,,,,,0.033,,,,,,,,,,,
"""2""","""2.2""","""2.2.2""","""SH_STA_WASTEN""","""Children moderately or severely wasted (millions)""","""800""","""Uganda""","""NUM_U5_M""","""<5Y""","""G""",241.05315,,,,,,368.18253,,,,,316.60483,331.6267,,,,267.33121,,
"""2""","""2.2""","""2.2.2""","""SH_STA_WASTEN""","""Children moderately or severely wasted (millions)""","""804""","""Ukraine""","""NUM_U5_M""","""<5Y""","""G""",177.16543,,,,,,,,,,,,,,,,,,
"""2""","""2.2""","""2.2.2""","""SH_STA_WASTEN""","""Children moderately or severely wasted (millions)""","""834""","""United Republic of Tanzania""","""NUM_U5_M""","""<5Y""","""G""",,,,,243.44136,,,,,230.76601,401.28517,532.38306,,405.67944,349.09517,424.30455,,,
"""2""","""2.2""","""2.2.2""","""SH_STA_WASTEN""","""Children moderately or severely wasted (millions)""","""840""","""United States of America""","""NUM_U5_M""","""<5Y""","""G""",,77.52917,,,,162.1876,,,,104.56891,,,102.54204,,59.90724,,78.42619,,
"""2""","""2.2""","""2.2.2""","""SH_STA_WASTEN""","""Children moderately or severely wasted (millions)""","""858""","""Uruguay""","""NUM_U5_M""","""<5Y""","""G""",,,6.30026,7.27619,7.72827,,,6.295,,,,3.20022,,,,,,,
"""2""","""2.2""","""2.2.2""","""SH_STA_WASTEN""","""Children moderately or severely wasted (millions)""","""860""","""Uzbekistan""","""NUM_U5_M""","""<5Y""","""G""",,,238.93021,,,,115.45946,,,,,,,,,,,,
"""2""","""2.2""","""2.2.2""","""SH_STA_WASTEN""","""Children moderately or severely wasted (millions)""","""548""","""Vanuatu""","""NUM_U5_M""","""<5Y""","""G""",,,,,,,,1.8178,,,,,,1.55074,,,,,
"""2""","""2.2""","""2.2.2""","""SH_STA_WASTEN""","""Children moderately or severely wasted (millions)""","""862""","""Venezuela (Bolivarian Republic of)""","""NUM_U5_M""","""<5Y""","""G""",110.11307,124.97861,136.99891,148.96336,149.48716,138.55152,139.50283,146.05105,131.94918,120.58859,,,,,,,,,
"""2""","""2.2""","""2.2.2""","""SH_STA_WASTEN""","""Children moderately or severely wasted (millions)""","""704""","""Viet Nam""","""NUM_U5_M""","""<5Y""","""G""",443.63173,,583.26764,718.05679,756.14323,723.32203,691.88635,717.9682,693.45804,,516.69689,325.74738,,503.57789,523.9502,496.1831,,,
"""2""","""2.2""","""2.2.2""","""SH_STA_WASTEN""","""Children moderately or severely wasted (millions)""","""145""","""Western Asia""","""NUM_U5_M""","""<5Y""","""G""",,,,,,,,,,,,,,,,,,,1096.28685
"""2""","""2.2""","""2.2.2""","""SH_STA_WASTEN""","""Children moderately or severely wasted (millions)""","""1""","""World""","""NUM_U5_M""","""<5Y""","""G""",,,,,,,,,,,,,,,,,,,49478.3401
"""2""","""2.2""","""2.2.2""","""SH_STA_WASTEN""","""Children moderately or severely wasted (millions)""","""887""","""Yemen""","""NUM_U5_M""","""<5Y""","""G""",,,,490.59581,,,,,,,,498.93301,,639.79465,,,,,
"""2""","""2.2""","""2.2.2""","""SH_STA_WASTEN""","""Children moderately or severely wasted (millions)""","""894""","""Zambia""","""NUM_U5_M""","""<5Y""","""G""",,,129.17969,,,,,130.83917,,,,,,164.00497,,,,,
"""2""","""2.2""","""2.2.2""","""SH_STA_WASTEN""","""Children moderately or severely wasted (millions)""","""716""","""Zimbabwe""","""NUM_U5_M""","""<5Y""","""G""",,,,,,141.5953,,,,81.1582,70.2091,,,,82.96002,82.47105,,,
